<?xml version="1.0" encoding="UTF-8"?>
<project-private xmlns="http://www.netbeans.org/ns/project-private/1">
    <editor-bookmarks xmlns="http://www.netbeans.org/ns/editor-bookmarks/2" lastBookmarkId="0"/>
    <open-files xmlns="http://www.netbeans.org/ns/projectui-open-files/2">
        <group>
            <file>file:/Users/carlosalbeldo/Documents/UNI/2º/Segundo%20cuatri/IPC/Practs/YbrilManagement/src/javafxmlapplication/EditarCategoriaController.java</file>
            <file>file:/Users/carlosalbeldo/Documents/UNI/2º/Segundo%20cuatri/IPC/Practs/YbrilManagement/src/javafxmlapplication/GraficoBarras.fxml</file>
            <file>file:/Users/carlosalbeldo/Documents/UNI/2º/Segundo%20cuatri/IPC/Practs/YbrilManagement/src/javafxmlapplication/EditarCategoria.fxml</file>
            <file>file:/Users/carlosalbeldo/Documents/UNI/2º/Segundo%20cuatri/IPC/Practs/YbrilManagement/src/javafxmlapplication/CrearDespesa.fxml</file>
            <file>file:/Users/carlosalbeldo/Documents/UNI/2º/Segundo%20cuatri/IPC/Practs/YbrilManagement/src/javafxmlapplication/GraficoLineasController.java</file>
            <file>file:/Users/carlosalbeldo/Documents/UNI/2º/Segundo%20cuatri/IPC/Practs/YbrilManagement/src/javafxmlapplication/EditarDespesaController.java</file>
            <file>file:/Users/carlosalbeldo/Documents/UNI/2º/Segundo%20cuatri/IPC/Practs/YbrilManagement/src/javafxmlapplication/GraficoQuesos.fxml</file>
            <file>file:/Users/carlosalbeldo/Documents/UNI/2º/Segundo%20cuatri/IPC/Practs/YbrilManagement/src/javafxmlapplication/CrearCategoriaController.java</file>
            <file>file:/Users/carlosalbeldo/Documents/UNI/2º/Segundo%20cuatri/IPC/Practs/YbrilManagement/src/javafxmlapplication/EditarDespesa.fxml</file>
            <file>file:/Users/carlosalbeldo/Documents/UNI/2º/Segundo%20cuatri/IPC/Practs/YbrilManagement/src/javafxmlapplication/CrearDespesaController.java</file>
            <file>file:/Users/carlosalbeldo/Documents/UNI/2º/Segundo%20cuatri/IPC/Practs/YbrilManagement/src/javafxmlapplication/EditarPerfilController.java</file>
            <file>file:/Users/carlosalbeldo/Documents/UNI/2º/Segundo%20cuatri/IPC/Practs/YbrilManagement/src/javafxmlapplication/EditarPerfil.fxml</file>
            <file>file:/Users/carlosalbeldo/Documents/UNI/2º/Segundo%20cuatri/IPC/Practs/YbrilManagement/src/javafxmlapplication/GraficoBarrasController.java</file>
            <file>file:/Users/carlosalbeldo/Documents/UNI/2º/Segundo%20cuatri/IPC/Practs/YbrilManagement/src/javafxmlapplication/CrearCategoria.fxml</file>
            <file>file:/Users/carlosalbeldo/Documents/UNI/2º/Segundo%20cuatri/IPC/Practs/YbrilManagement/src/javafxmlapplication/AppPrincipalController.java</file>
            <file>file:/Users/carlosalbeldo/Documents/UNI/2º/Segundo%20cuatri/IPC/Practs/YbrilManagement/src/javafxmlapplication/Categorias.fxml</file>
            <file>file:/Users/carlosalbeldo/Documents/UNI/2º/Segundo%20cuatri/IPC/Practs/YbrilManagement/src/javafxmlapplication/GraficoLineas.fxml</file>
        </group>
    </open-files>
</project-private>
