<?xml version="1.0" encoding="UTF-8"?>
<project-private xmlns="http://www.netbeans.org/ns/project-private/1">
    <editor-bookmarks xmlns="http://www.netbeans.org/ns/editor-bookmarks/2" lastBookmarkId="0"/>
    <open-files xmlns="http://www.netbeans.org/ns/projectui-open-files/2">
        <group>
            <file>file:/C:/Users/tonim/OneDrive/Escritorio/UPV/2%20AÑO/Ipc%20-%20Interfaces%20Persona%20Computador/Entregable/YbrilManagement/src/javafxmlapplication/FXMLDocumentController.java</file>
            <file>file:/C:/Users/tonim/OneDrive/Escritorio/UPV/2%20AÑO/Ipc%20-%20Interfaces%20Persona%20Computador/Entregable/YbrilManagement/src/javafxmlapplication/JavaFXMLApplication.java</file>
            <file>file:/C:/Users/tonim/OneDrive/Escritorio/UPV/2%20AÑO/Ipc%20-%20Interfaces%20Persona%20Computador/Entregable/YbrilManagement/src/javafxmlapplication/RegistrarUsuarioController.java</file>
        </group>
    </open-files>
</project-private>
